INSERT INTO clientes (cpf, nome, cidade, estado) VALUES
('12345678909', 'joão da silva', 'fortaleza', 'CE'),
('23456789030', 'maria santos', 'recife', 'PE'),
('34567890140', 'josé ferreira', 'salvador', 'BA'),
('45678901250', 'ana oliveira', 'natal', 'RN'),
('56789012360', 'lucas costa', 'teresina', 'PI'),
('67890123470', 'fernanda almeida', 'fortaleza', 'CE'),
('78901234580', 'pedro souza', 'joão pessoa', 'PB'),
('89012345690', 'bruna rodrigues', 'maceió', 'AL'),
('90123456701', 'carlos lima', 'são paulo', 'SP'),
('01234567812', 'amanda monteiro', 'rio de janeiro', 'RJ'),
('11122233344', 'gabriel marques', 'campina grande', 'PB'),
('22233344455', 'juliana araújo', 'porto alegre', 'RS'),
('33344455566', 'renato menezes', 'goiânia', 'GO'),
('44455566677', 'camila ribeiro', 'belo horizonte', 'MG'),
('55566677788', 'thiago duarte', 'cuiabá', 'MT'),
('66677788899', 'beatriz nunes', 'manaus', 'AM'),
('77788899900', 'eduardo cardoso', 'curitiba', 'PR'),
('88899900011', 'letícia fonseca', 'florianópolis', 'SC'),
('99900011122', 'roberto figueiredo', 'belém', 'PA'),
('00011122233', 'mariana machado', 'vitoria', 'ES'),
('10111213144', 'ricardo alves', 'fortaleza', 'CE'),
('12131415155', 'sabrina mendes', 'salvador', 'BA'),
('13141516166', 'felipe ramos', 'recife', 'PE'),
('14151617177', 'tatiane silva', 'natal', 'RN'),
('15161718188', 'gustavo ferreira', 'teresina', 'PI'),
('16171819199', 'isabela souza', 'joão pessoa', 'PB'),
('17181920200', 'rafael monteiro', 'maceió', 'AL'),
('18192021211', 'daniela rodrigues', 'são paulo', 'SP'),
('19202122222', 'antonio lima', 'rio de janeiro', 'RJ'),
('20212223233', 'julio marques', 'campina grande', 'PB'),
('21222324244', 'aline araújo', 'porto alegre', 'RS'),
('22232425255', 'fernando menezes', 'goiânia', 'GO'),
('23242526266', 'patricia ribeiro', 'belo horizonte', 'MG'),
('24252627277', 'marcelo duarte', 'cuiabá', 'MT'),
('25262728288', 'carla nunes', 'manaus', 'AM'),
('26272829299', 'vinicius cardoso', 'curitiba', 'PR'),
('27282930300', 'luana fonseca', 'florianópolis', 'SC'),
('28293031311', 'andré figueiredo', 'belém', 'PA'),
('29303132322', 'renata machado', 'vitoria', 'ES'),
('30313233333', 'eduardo alves', 'fortaleza', 'CE'),
('31323334344', 'luciana mendes', 'salvador', 'BA'),
('32333435355', 'marcos ramos', 'recife', 'PE'),
('33343536366', 'juliana silva', 'natal', 'RN'),
('34353637377', 'rodrigo ferreira', 'teresina', 'PI'),
('35363738388', 'ana souza', 'joão pessoa', 'PB'),
('36373839399', 'paulo monteiro', 'maceió', 'AL'),
('37383940400', 'fernanda rodrigues', 'são paulo', 'SP'),
('38394041411', 'gustavo lima', 'rio de janeiro', 'RJ'),
('39404142422', 'tatiane marques', 'campina grande', 'PB'),
('40414243433', 'antonio araújo', 'porto alegre', 'RS'),
('41424344444', 'julio menezes', 'goiânia', 'GO'),
('42434445455', 'aline ribeiro', 'belo horizonte', 'MG'),
('43444546466', 'fernando duarte', 'cuiabá', 'MT'),
('44454647477', 'patricia nunes', 'manaus', 'AM'),
('45464748488', 'marcelo cardoso', 'curitiba', 'PR'),
('46474849499', 'carla fonseca', 'florianópolis', 'SC'),
('47484950500', 'vinicius figueiredo', 'belém', 'PA'),
('48495051511', 'luana machado', 'vitoria', 'ES');







INSERT INTO produtos (nome_produto, categoria, preco) VALUES
('bola de futebol oficial', 'futebol', 149.90),
('chuteira profissional', 'futebol', 299.90),
('camisa oficial do brasil', 'futebol', 249.90),
('bola de basquete', 'basquete', 129.90),
('tênis de corrida', 'corrida', 399.90),
('halteres ajustáveis', 'musculação', 199.90),
('corda de pular profissional', 'treinamento', 89.90),
('luvas de boxe', 'boxe', 159.90),
('raquete de tênis', 'tênis', 349.90),
('bola de vôlei oficial', 'vôlei', 139.90),
('joelheira de proteção', 'vôlei', 79.90),
('bicicleta ergométrica', 'ciclismo', 1299.90),
('capacete de ciclismo', 'ciclismo', 199.90),
('kit de faixas elásticas', 'treinamento', 59.90),
('suplemento whey protein', 'suplementos', 149.90),
('tapete de yoga', 'yoga', 99.90),
('bola de pilates', 'pilates', 89.90),
('relógio esportivo com gps', 'tecnologia esportiva', 899.90),
('mochila esportiva', 'acessórios', 159.90),
('óculos de natação', 'natação', 129.90),
('touca de natação', 'natação', 49.90),
('bomba de ar para bolas', 'acessórios', 39.90),
('kit de cones para treino', 'treinamento', 69.90),
('banda de resistência', 'musculação', 79.90),
('kit de tênis de mesa', 'tênis de mesa', 119.90),
('bola de handebol', 'handebol', 139.90),
('kit de badminton', 'badminton', 179.90),
('coqueteleira fitness', 'suplementos', 39.90),
('shorts esportivo', 'vestuário', 89.90),
('meia de compressão', 'vestuário', 59.90),
('kit de caneleiras', 'futebol', 99.90),
('barrinha de proteína', 'suplementos', 12.90),
('kit de pesos para treino', 'musculação', 249.90),
('bola de rugby', 'rugby', 159.90),
('kit de tênis de praia', 'beach tennis', 199.90),
('rede de vôlei portátil', 'vôlei', 299.90),
('kit de natação completo', 'natação', 249.90),
('suporte para bicicleta', 'ciclismo', 149.90),
('kit de artes marciais', 'artes marciais', 189.90),
('barrinha energética', 'suplementos', 9.90),
('kit de escalada', 'escalada', 349.90),
('bola de futsal', 'futebol', 119.90),
('kit de treinamento funcional', 'treinamento', 299.90),
('bota de trilha', 'aventura', 399.90),
('kit de patins', 'patinação', 499.90),
('suporte para halteres', 'musculação', 199.90),
('kit de basquete completo', 'basquete', 399.90),
('barraca de camping', 'aventura', 599.90),
('kit de primeiros socorros esportivo', 'acessórios', 79.90);



INSERT INTO pedidos (cpf_cliente, data_pedido) VALUES
('12345678909', '2020-01-15'),
('23456789030', '2020-04-22'),
('34567890140', '2020-07-10'),
('45678901250', '2020-10-30'),
('56789012360', '2021-02-18'),
('67890123470', '2021-05-25'),
('78901234580', '2021-08-12'),
('89012345690', '2021-11-28'),
('90123456701', '2022-03-05'),
('01234567812', '2022-06-20'),
('11122233344', '2022-09-08'),
('22233344455', '2022-12-27'),
('33344455566', '2023-02-14'),
('44455566677', '2023-05-31'),
('55566677788', '2023-09-15'),
('66677788899', '2023-12-09'),
('77788899900', '2024-03-28'),
('88899900011', '2024-06-11'),
('99900011122', '2024-09-26'),
('00011122233', '2024-12-02'),
('10111213144', '2025-02-10'),
('12131415155', '2025-05-21'),
('13141516166', '2020-02-07'),
('14151617177', '2020-05-19'),
('15161718188', '2020-09-04'),
('16171819199', '2020-12-22'),
('17181920200', '2021-04-09'),
('18192021211', '2021-07-26'),
('19202122222', '2021-11-11'),
('20212223233', '2022-02-24'),
('21222324244', '2022-06-07'),
('22232425255', '2022-09-21'),
('23242526266', '2023-01-30'),
('24252627277', '2023-05-12'),
('25262728288', '2023-08-27'),
('26272829299', '2023-12-06'),
('27282930300', '2024-03-16'),
('28293031311', '2024-07-02'),
('29303132322', '2024-10-14');


INSERT INTO pedidos (cpf_cliente, data_pedido) VALUES
('12345678909', '2020-02-10'),
('23456789030', '2020-05-15'),
('34567890140', '2020-08-22'),
('45678901250', '2020-11-30'),
('56789012360', '2021-03-18'),
('67890123470', '2021-06-25'),
('78901234580', '2021-09-12'),
('89012345690', '2021-12-28'),
('90123456701', '2022-04-05'),
('01234567812', '2022-07-20'),
('11122233344', '2022-10-08'),
('22233344455', '2023-01-27'),
('33344455566', '2023-04-14'),
('44455566677', '2023-07-31'),
('55566677788', '2023-11-15'),
('66677788899', '2024-02-09'),
('77788899900', '2024-05-28'),
('88899900011', '2024-08-11'),
('99900011122', '2024-11-26'),
('00011122233', '2025-02-02'),
('10111213144', '2025-04-10'),
('12131415155', '2025-07-21'),
('13141516166', '2020-03-07'),
('14151617177', '2020-06-19'),
('15161718188', '2020-10-04'),
('16171819199', '2021-01-22'),
('17181920200', '2021-05-09'),
('18192021211', '2021-08-26'),
('19202122222', '2021-12-11'),
('20212223233', '2022-03-24'),
('21222324244', '2022-07-07'),
('22232425255', '2022-10-21'),
('23242526266', '2023-02-28'),
('24252627277', '2023-06-12'),
('25262728288', '2023-09-27'),
('26272829299', '2024-01-06'),
('27282930300', '2024-04-16'),
('28293031311', '2024-08-02'),
('29303132322', '2024-11-14');


INSERT INTO pedidos (cpf_cliente, data_pedido) VALUES
('55566677788', '2020-02-10'),
('66677788899', '2020-05-15'),
('77788899900', '2020-08-22'),
('88899900011', '2020-11-30'),
('99900011122', '2021-03-18'),
('00011122233', '2021-06-25'),
('10111213144', '2021-09-12'),
('12131415155', '2021-12-28'),
('13141516166', '2022-04-05'),
('14151617177', '2022-07-20'),
('15161718188', '2022-10-08'),
('16171819199', '2023-01-27'),
('17181920200', '2023-04-14'),
('18192021211', '2023-07-31'),
('19202122222', '2023-11-15'),
('20212223233', '2024-02-09'),
('55566677788', '2024-05-28'),
('66677788899', '2024-08-11'),
('77788899900', '2024-11-26'),
('88899900011', '2025-02-02'),
('99900011122', '2025-04-10'),
('00011122233', '2025-07-21'),
('10111213144', '2020-03-07'),
('12131415155', '2020-06-19'),
('13141516166', '2020-10-04'),
('14151617177', '2021-01-22'),
('15161718188', '2021-05-09'),
('16171819199', '2021-08-26'),
('17181920200', '2021-12-11'),
('18192021211', '2022-03-24'),
('19202122222', '2022-07-07'),
('20212223233', '2022-10-21'),
('55566677788', '2023-02-28'),
('66677788899', '2023-06-12'),
('77788899900', '2023-09-27'),
('88899900011', '2024-01-06'),
('99900011122', '2024-04-16'),
('00011122233', '2024-08-02'),
('10111213144', '2024-11-14');

INSERT INTO pedidos (cpf_cliente, data_pedido) VALUES
('55566677788', '2020-03-12'),
('66677788899', '2020-06-24'),
('77788899900', '2020-10-09'),
('88899900011', '2021-01-28'),
('99900011122', '2021-05-06'),
('00011122233', '2021-08-19'),
('10111213144', '2021-11-30'),
('12131415155', '2022-03-12'),
('13141516166', '2022-06-25'),
('14151617177', '2022-09-08'),
('15161718188', '2022-12-22'),
('16171819199', '2023-04-04'),
('17181920200', '2023-07-18'),
('18192021211', '2023-10-31'),
('19202122222', '2024-02-14'),
('20212223233', '2024-05-28'),
('55566677788', '2024-09-09'),
('66677788899', '2024-12-21'),
('77788899900', '2025-03-03'),
('88899900011', '2025-06-16'),
('99900011122', '2020-04-07'),
('00011122233', '2020-07-19'),
('10111213144', '2020-11-02'),
('12131415155', '2021-02-16'),
('13141516166', '2021-06-01'),
('14151617177', '2021-09-13'),
('15161718188', '2021-12-26'),
('16171819199', '2022-04-09'),
('17181920200', '2022-07-22'),
('18192021211', '2022-11-04'),
('19202122222', '2023-02-17'),
('20212223233', '2023-06-01'),
('55566677788', '2023-09-15'),
('66677788899', '2023-12-28'),
('77788899900', '2024-04-11'),
('88899900011', '2024-07-24'),
('99900011122', '2024-11-06'),
('00011122233', '2025-02-19'),
('10111213144', '2025-06-02');




INSERT INTO pedidos (cpf_cliente, data_pedido) VALUES
('21222324244', '2020-02-10'),
('22232425255', '2020-05-15'),
('23242526266', '2020-08-22'),
('24252627277', '2020-11-30'),
('25262728288', '2021-03-18'),
('26272829299', '2021-06-25'),
('27282930300', '2021-09-12'),
('28293031311', '2021-12-28'),
('29303132322', '2022-04-05'),
('30313233333', '2022-07-20'),
('31323334344', '2022-10-08'),
('32333435355', '2023-01-27'),
('33343536366', '2023-04-14'),
('34353637377', '2023-07-31'),
('35363738388', '2023-11-15'),
('36373839399', '2024-02-09'),
('37383940400', '2024-05-28'),
('21222324244', '2024-08-11'),
('22232425255', '2024-11-26'),
('23242526266', '2025-02-02'),
('24252627277', '2025-04-10'),
('25262728288', '2025-07-21'),
('26272829299', '2020-03-07'),
('27282930300', '2020-06-19'),
('28293031311', '2020-10-04'),
('29303132322', '2021-01-22'),
('30313233333', '2021-05-09'),
('31323334344', '2021-08-26'),
('32333435355', '2021-12-11'),
('33343536366', '2022-03-24'),
('34353637377', '2022-07-07'),
('35363738388', '2022-10-21'),
('36373839399', '2023-02-28'),
('37383940400', '2023-06-12'),
('21222324244', '2023-09-27'),
('22232425255', '2024-01-06'),
('23242526266', '2024-04-16'),
('24252627277', '2024-08-02'),
('25262728288', '2024-11-14');


INSERT INTO pedidos (cpf_cliente, data_pedido) VALUES
('38394041411', '2020-02-10'),
('39404142422', '2020-05-15'),
('40414243433', '2020-08-22'),
('41424344444', '2020-11-30'),
('42434445455', '2021-03-18'),
('43444546466', '2021-06-25'),
('44454647477', '2021-09-12'),
('45464748488', '2021-12-28'),
('46474849499', '2022-04-05'),
('47484950500', '2022-07-20'),
('48495051511', '2022-10-08'),
('38394041411', '2023-01-27'),
('39404142422', '2023-04-14'),
('40414243433', '2023-07-31'),
('41424344444', '2023-11-15'),
('42434445455', '2024-02-09'),
('43444546466', '2024-05-28'),
('44454647477', '2024-08-11'),
('45464748488', '2024-11-26'),
('46474849499', '2025-02-02'),
('47484950500', '2025-04-10'),
('48495051511', '2025-07-21'),
('38394041411', '2020-03-07'),
('39404142422', '2020-06-19'),
('40414243433', '2020-10-04'),
('41424344444', '2021-01-22'),
('42434445455', '2021-05-09'),
('43444546466', '2021-08-26'),
('44454647477', '2021-12-11'),
('45464748488', '2022-03-24'),
('46474849499', '2022-07-07'),
('47484950500', '2022-10-21'),
('48495051511', '2023-02-28'),
('38394041411', '2023-06-12'),
('39404142422', '2023-09-27'),
('40414243433', '2024-01-06'),
('41424344444', '2024-04-16'),
('42434445455', '2024-08-02'),
('43444546466', '2024-11-14');


INSERT INTO detalhes_pedido (id_pedido, id_produto, quantidade) VALUES
(360, 1, 2),
(360, 3, 1),
(361, 2, 3),
(362, 5, 1),
(363, 4, 2),
(364, 6, 1),
(365, 7, 2),
(366, 8, 1),
(367, 9, 3),
(368, 10, 2),
(369, 11, 1),
(370, 12, 1),
(371, 1, 2),
(372, 2, 1),
(373, 3, 3),
(374, 4, 2),
(375, 5, 1),
(376, 6, 2),
(377, 7, 1),
(378, 8, 4),
(379, 9, 1),
(380, 10, 2),
(381, 11, 1),
(382, 12, 3),
(383, 1, 1),
(384, 2, 2),
(385, 3, 1),
(386, 4, 5),
(387, 5, 1),
(388, 6, 2),
(389, 7, 3),
(390, 8, 1),
(391, 9, 2),
(392, 10, 1),
(393, 11, 2),
(394, 12, 1),
(395, 1, 3),
(396, 2, 2),
(397, 3, 1),
(398, 4, 1),
(399, 5, 2),
(400, 6, 1),
(401, 7, 3),
(402, 8, 2),
(403, 9, 1),
(404, 10, 2),
(405, 11, 1),
(406, 12, 1),
(407, 1, 1),
(408, 2, 2),
(409, 3, 3),
(410, 4, 1),
(411, 5, 2),
(412, 6, 3),
(413, 7, 1),
(414, 8, 2),
(415, 9, 1),
(416, 10, 2),
(417, 11, 1),
(418, 12, 3);

INSERT INTO detalhes_pedido (id_pedido, id_produto, quantidade) VALUES
(360, 2, 2),
(361, 4, 1),
(362, 1, 3),
(363, 7, 2),
(364, 8, 1),
(365, 9, 2),
(366, 10, 1),
(367, 11, 3),
(368, 12, 2),
(369, 1, 1),
(370, 3, 2),
(371, 5, 2),
(372, 2, 1),
(373, 6, 3),
(374, 4, 2),
(375, 7, 1),
(376, 8, 2),
(377, 9, 1),
(378, 10, 3),
(379, 11, 2),
(380, 12, 1),
(381, 2, 2),
(382, 4, 1),
(383, 1, 3),
(384, 7, 2),
(385, 8, 1),
(386, 9, 2),
(387, 10, 1),
(388, 11, 3),
(389, 12, 2),
(390, 1, 1),
(391, 3, 2),
(392, 5, 2),
(393, 2, 1),
(394, 6, 3),
(395, 4, 2),
(396, 7, 1),
(397, 8, 2),
(398, 9, 1),
(399, 10, 3);

INSERT INTO detalhes_pedido (id_pedido, id_produto, quantidade) VALUES
(419, 13, 2),
(419, 15, 1),
(420, 14, 3),
(421, 16, 2),
(422, 17, 1),
(423, 18, 2),
(424, 19, 1),
(425, 20, 4),
(426, 21, 2),
(427, 22, 1),
(428, 23, 2),
(429, 24, 3),
(430, 25, 1),
(431, 13, 2),
(432, 14, 2),
(433, 15, 1),
(434, 16, 3),
(435, 17, 2),
(436, 18, 1),
(437, 19, 2),
(438, 20, 1),
(439, 21, 1),
(440, 22, 2),
(441, 23, 3),
(442, 24, 2),
(443, 25, 1),
(444, 13, 1),
(445, 14, 2),
(446, 15, 3),
(447, 16, 2),
(448, 17, 1),
(449, 18, 2),
(450, 19, 1),
(451, 20, 3),
(452, 21, 2),
(453, 22, 1),
(454, 23, 2),
(455, 24, 1),
(456, 25, 3),
(457, 13, 2),
(458, 14, 2),
(459, 15, 1),
(460, 16, 3),
(461, 17, 2),
(462, 18, 1),
(463, 19, 2),
(464, 20, 1),
(465, 21, 3),
(466, 22, 2),
(467, 23, 1),
(468, 24, 2),
(469, 25, 1),
(470, 13, 2),
(471, 14, 3),
(472, 15, 2),
(473, 16, 1),
(474, 17, 3),
(475, 18, 2),
(476, 19, 1),
(477, 20, 2);

INSERT INTO detalhes_pedido (id_pedido, id_produto, quantidade) VALUES
(419, 13, 2),
(420, 14, 3),
(421, 15, 1),
(422, 16, 2),
(423, 17, 1),
(424, 18, 2),
(425, 19, 3),
(426, 20, 1),
(427, 21, 2),
(428, 22, 1),
(429, 23, 3),
(430, 24, 2),
(431, 25, 1),
(432, 13, 2),
(433, 14, 1),
(434, 15, 3),
(435, 16, 2),
(436, 17, 1),
(437, 18, 2),
(438, 19, 1),
(439, 20, 3),
(440, 21, 2),
(441, 22, 1),
(442, 23, 2),
(443, 24, 1),
(444, 25, 3),
(445, 13, 2),
(446, 14, 1),
(447, 15, 2),
(448, 16, 1);





INSERT INTO detalhes_pedido (id_pedido, id_produto, quantidade) VALUES
(478, 26, 2),
(479, 27, 3),
(480, 28, 1),
(481, 29, 2),
(482, 30, 1),
(483, 31, 2),
(484, 32, 3),
(485, 33, 1),
(486, 34, 2),
(487, 35, 1),
(488, 36, 2),
(489, 37, 3),
(490, 26, 2),
(491, 27, 1),
(492, 28, 3),
(493, 29, 2),
(494, 30, 1),
(495, 31, 2),
(496, 32, 1),
(497, 33, 3),
(498, 34, 2),
(499, 35, 1),
(500, 36, 2),
(501, 37, 3),
(502, 26, 2),
(503, 27, 1),
(504, 28, 3),
(505, 29, 2),
(506, 30, 1),
(507, 31, 2),
(508, 32, 1),
(509, 33, 3),
(510, 34, 2),
(511, 35, 1),
(512, 36, 2),
(513, 37, 3),
(514, 26, 2),
(515, 27, 1),
(516, 28, 3),
(517, 29, 2),
(518, 30, 1),
(519, 31, 2),
(520, 32, 1),
(521, 33, 3),
(522, 34, 2),
(523, 35, 1),
(524, 36, 2),
(525, 37, 3),
(526, 26, 2),
(527, 27, 1),
(528, 28, 3),
(529, 29, 2),
(530, 30, 1),
(531, 31, 2),
(532, 32, 1),
(533, 33, 3),
(534, 34, 2),
(535, 35, 1),
(478, 36, 2),
(479, 37, 3);





INSERT INTO detalhes_pedido (id_pedido, id_produto, quantidade) VALUES
(536, 38, 2),  -- Pedido 536, Suporte para bicicleta
(537, 39, 3),  -- Pedido 537, Kit de artes marciais
(538, 40, 1),  -- Pedido 538, Barrinha energética
(539, 41, 2),  -- Pedido 539, Kit de escalada
(540, 42, 1),  -- Pedido 540, Bola de futsal
(541, 43, 2),  -- Pedido 541, Kit de treinamento funcional
(542, 44, 3),  -- Pedido 542, Bota de trilha
(543, 45, 1),  -- Pedido 543, Kit de patins
(544, 46, 2),  -- Pedido 544, Suporte para halteres
(545, 47, 3),  -- Pedido 545, Kit de basquete completo
(546, 48, 1),  -- Pedido 546, Barraca de camping
(547, 49, 2),  -- Pedido 547, Kit de primeiros socorros esportivo
(548, 38, 3),  -- Pedido 548, Suporte para bicicleta
(549, 39, 1),  -- Pedido 549, Kit de artes marciais
(550, 40, 2),  -- Pedido 550, Barrinha energética
(551, 41, 1),  -- Pedido 551, Kit de escalada
(552, 42, 2),  -- Pedido 552, Bola de futsal
(553, 43, 3),  -- Pedido 553, Kit de treinamento funcional
(554, 44, 1),  -- Pedido 554, Bota de trilha
(555, 45, 2),  -- Pedido 555, Kit de patins
(556, 46, 3),  -- Pedido 556, Suporte para halteres
(557, 47, 1),  -- Pedido 557, Kit de basquete completo
(558, 48, 2),  -- Pedido 558, Barraca de camping
(559, 49, 3),  -- Pedido 559, Kit de primeiros socorros esportivo
(560, 38, 2),  -- Pedido 560, Suporte para bicicleta
(561, 39, 1),  -- Pedido 561, Kit de artes marciais
(562, 40, 3),  -- Pedido 562, Barrinha energética
(563, 41, 2),  -- Pedido 563, Kit de escalada
(564, 42, 1),  -- Pedido 564, Bola de futsal
(565, 43, 2),  -- Pedido 565, Kit de treinamento funcional
(566, 44, 3),  -- Pedido 566, Bota de trilha
(567, 45, 1),  -- Pedido 567, Kit de patins
(568, 46, 2),  -- Pedido 568, Suporte para halteres
(569, 47, 3),  -- Pedido 569, Kit de basquete completo
(570, 48, 2),  -- Pedido 570, Barraca de camping
(571, 49, 1),  -- Pedido 571, Kit de primeiros socorros esportivo
(572, 38, 3),  -- Pedido 572, Suporte para bicicleta
(573, 39, 2),  -- Pedido 573, Kit de artes marciais
(574, 40, 1),  -- Pedido 574, Barrinha energética
(575, 41, 2),  -- Pedido 575, Kit de escalada
(576, 42, 3),  -- Pedido 576, Bola de futsal
(577, 43, 1),  -- Pedido 577, Kit de treinamento funcional
(578, 44, 2),  -- Pedido 578, Bota de trilha
(579, 45, 3),  -- Pedido 579, Kit de patins
(580, 46, 1),  -- Pedido 580, Suporte para halteres
(581, 47, 2),  -- Pedido 581, Kit de basquete completo
(582, 48, 3),  -- Pedido 582, Barraca de camping
(583, 49, 1),  -- Pedido 583, Kit de primeiros socorros esportivo
(584, 38, 2),  -- Pedido 584, Suporte para bicicleta
(585, 39, 3),  -- Pedido 585, Kit de artes marciais
(586, 40, 1),  -- Pedido 586, Barrinha energética
(587, 41, 2),  -- Pedido 587, Kit de escalada
(588, 42, 1),  -- Pedido 588, Bola de futsal
(589, 43, 2),  -- Pedido 589, Kit de treinamento funcional
(590, 44, 3),  -- Pedido 590, Bota de trilha
(591, 45, 1),  -- Pedido 591, Kit de patins
(592, 46, 2),  -- Pedido 592, Suporte para halteres
(593, 47, 3),  -- Pedido 593, Kit de basquete completo
(536, 48, 1),  -- Reutilizando Pedido 536, Barraca de camping
(537, 49, 2);  -- Reutilizando Pedido 537, Kit de primeiros socorros esportivo